"SCI_Name_updated","Beak.Length_Culmen","Beak.Length_Nares","Beak.Width","Beak.Depth","Tarsus.Length","Wing.Length","Kipps.Distance","Secondary1","Hand.Wing.Index","Tail.Length","Mass","Diet.Inv","Diet.Vend","Diet.Vect","Diet.Vfish","Diet.Vunk","Diet.Scav","Diet.Fruit","Diet.Nect","Diet.Seed","Diet.PlantO","ForStrat.watbelowsurf","ForStrat.wataroundsurf","ForStrat.ground","ForStrat.understory","ForStrat.midhigh","ForStrat.canopy","ForStrat.aerial","PelagicSpecialist","Nocturnal"
"Acanthis flammea",11.4,7.8,4.5,6.5,15.6,75.5,23.5,52,31.1,58.7,13,0,0,0,0,0,0,0,0,0,40,0,0,0,50,50,0,0,0,0
"Accipiter cooperii",25.4,13.9,8.6,13.2,62,241.2,77.8,163.5,32.3,188.4,429.7,0,90,10,0,0,0,0,0,0,0,0,0,40,20,20,10,10,0,0
"Accipiter gentilis",33.7,19.6,11.6,18,67.3,337.6,122.6,215,36.3,241.1,866,0,90,10,0,0,0,0,0,0,0,0,0,100,0,0,0,0,0,0
"Accipiter striatus",18.3,10.1,7.3,9.4,49.9,181.6,56.6,126.8,30.7,134.3,130.6,0,100,0,0,0,0,0,0,0,0,0,0,0,25,25,25,25,0,0
"Aechmophorus clarkii",77.9,58.8,7.5,11.6,76.6,195.4,79.8,111.7,41.8,34,1090.9,10,0,0,90,0,0,0,0,0,0,100,0,0,0,0,0,0,0,0
"Aechmophorus occidentalis",73.2,54.1,6.6,10.2,71.7,184.5,75.4,109,40.8,29.8,1137,10,0,0,90,0,0,0,0,0,0,100,0,0,0,0,0,0,0,0
"Aegolius acadicus",18.2,9.9,7,10.5,23.6,135.2,40.2,95,29.8,78,100.7,20,80,0,0,0,0,0,0,0,0,0,0,90,10,0,0,0,0,1
"Aeronautes saxatalis",7,3,2.9,2.5,10.6,140.3,98.2,42.1,69.8,63.7,32.1,100,0,0,0,0,0,0,0,0,0,0,0,10,0,0,0,90,0,0
"Agelaius phoeniceus",22.7,15.4,5.6,8.8,28,118,27.8,88.9,24,88.9,50.8,50,0,0,0,0,0,0,0,50,0,0,0,90,10,0,0,0,0,0
"Agelaius tricolor",22.2,14.7,4.9,7.3,26.7,113.2,35.3,77.9,31.2,83,57.9,70,0,0,0,0,0,0,0,30,0,0,0,100,0,0,0,0,0,0
"Aimophila ruficeps",14.9,8.2,4.1,5,19.8,59.9,7.7,52.2,12.8,62,18.7,50,0,0,0,0,0,0,0,50,0,0,0,60,20,20,0,0,0,0
"Aix sponsa",38.6,24.7,15.1,11.4,32.9,220.5,108.5,111,49.4,106.8,657.6,0,0,0,0,0,0,0,0,50,50,0,80,20,0,0,0,0,0,0
"Ammospiza leconteii",11.2,7.1,4.2,5,17.3,53,10,43.1,18.8,52,4.2,20,0,0,0,0,0,0,0,80,0,0,0,80,20,0,0,0,0,0
"Ammospiza maritima",16.3,11.1,4.2,6.3,22.9,60.6,9.1,51.8,14.8,54.8,4.2,100,0,0,0,0,0,0,0,0,0,0,0,90,10,0,0,0,0,0
"Ammospiza nelsoni",14.4,8.7,3.8,5.2,21.7,56.4,12.4,44.1,21.9,47.7,3.8,50,0,0,0,0,0,0,0,50,0,0,0,90,10,0,0,0,0,0
"Ammodramus savannarum",13.8,8.2,4.5,6.1,20.1,58.2,12.3,46,21.1,41.4,17.6,60,0,0,0,0,0,0,0,40,0,0,0,80,20,0,0,0,0,0
"Amphispiza bilineata",11.7,8.2,4.6,5.9,18.1,63.5,11.3,52.2,17.7,64.8,13.5,50,0,0,0,0,0,0,0,50,0,0,0,100,0,0,0,0,0,0
"Anas acuta",48.1,31.9,14.5,14.8,36.9,256.7,148.4,107.8,57.8,124.7,944.6,20,0,0,0,10,0,0,0,20,50,0,70,30,0,0,0,0,0,0
"Mareca americana",44.9,26.9,16,12.3,34.6,253.2,135.4,116.6,53.7,93.8,16,0,0,0,0,0,0,0,0,0,100,0,50,50,0,0,0,0,0,0
"Spatula clypeata",68.8,47.9,18.6,18.7,33.8,226.4,130.2,94.2,58,75.1,18.6,60,0,0,0,0,0,0,0,20,20,20,80,0,0,0,0,0,0,0
"Anas crecca",36.2,29.2,11.8,11.4,26.4,178.8,95.1,84.2,53.1,61.5,341.9,30,0,0,0,0,0,0,0,20,50,0,100,0,0,0,0,0,0,0
"Spatula cyanoptera",50.5,33.8,16,13.9,30.1,187.5,94.8,90.5,51,70.4,16,20,0,0,0,0,0,0,0,30,50,0,100,0,0,0,0,0,0,0
"Spatula discors",47.3,31.8,15.6,12.6,29.1,178.3,98.7,84.6,53.8,66.7,15.6,10,0,0,0,0,0,0,0,30,60,0,100,0,0,0,0,0,0,0
"Anas fulvigula",59.2,42.4,21.9,15.9,40.5,244.5,119.2,125.2,48.8,85.2,843.4,40,0,10,10,0,0,0,0,20,20,20,60,20,0,0,0,0,0,0
"Mareca penelope",38.5,26.5,15.5,12.4,35.5,250.6,143,107.2,57.2,89.7,15.5,0,0,0,0,0,0,0,0,20,80,0,50,50,0,0,0,0,0,0
"Anas platyrhynchos",58.5,41,20.8,17.8,40.6,263.4,133.5,129.9,50.7,86.9,843.4,40,0,10,10,0,0,0,0,20,20,20,60,20,0,0,0,0,0,0
"Anas rubripes",59.4,42,20.4,17,41.9,267.2,136.5,129.2,51.4,73.5,1241,40,0,0,0,0,0,0,0,30,30,20,80,0,0,0,0,0,0,0
"Mareca strepera",48.7,34.7,16.5,13.7,36.5,251.3,137,113,54.8,83,16.5,0,0,0,0,0,0,0,0,30,70,0,80,20,0,0,0,0,0,0
"Anhinga anhinga",85.6,78.8,11.1,14.7,39,339.6,66.6,273,19.6,267.2,1235,20,0,20,60,0,0,0,0,0,0,100,0,0,0,0,0,0,0,0
"Anser albifrons",48.7,27.6,18.4,17.5,65,408.2,213.8,192.8,52.6,123.5,2506.4,0,0,0,0,0,0,10,0,0,90,0,20,80,0,0,0,0,0,0
"Aphelocoma californica",30.1,18.8,8.5,9.5,40.3,123.7,18.4,104.1,15,139.2,85.7,20,20,10,0,0,10,20,0,20,0,0,0,80,10,10,0,0,0,0
"Aquila chrysaetos",56.8,37,18.5,28.4,101.4,603.1,221.2,381.9,36.7,307.1,4248,0,80,10,0,0,10,0,0,0,0,0,0,100,0,0,0,0,0,0
"Archilochus colubris",20.7,15.1,1.8,1.9,3.4,40.7,27.6,14.7,65,24.3,3.1,40,0,0,0,0,0,0,60,0,0,0,0,0,40,40,0,20,0,0
"Ardea alba",126.3,90.4,12,18.1,141.6,378.8,120.7,257.2,32.1,140.5,871.3,40,10,30,40,20,0,0,0,0,0,0,50,50,0,0,0,0,0,0
"Ardea herodias",143.9,106,15.9,24.2,167.6,466.4,169.5,294,36.6,165.3,2523.4,30,10,10,50,0,0,0,0,0,0,0,60,40,0,0,0,0,0,0
"Asio flammeus",27.3,13.7,9,13,42.5,297.2,141,156.2,47.5,146.5,322.6,0,100,0,0,0,0,0,0,0,0,0,0,90,0,10,0,0,0,1
"Asio otus",28.3,14.9,8.8,12.5,40.1,280.7,115.5,165.2,41.2,137,296.6,0,100,0,0,0,0,0,0,0,0,0,0,80,10,10,0,0,0,1
"Athene cunicularia",24.1,15.5,7.9,13.7,43.4,180,51,128.9,28.3,80.2,150.6,20,70,10,0,0,0,0,0,0,0,0,0,80,10,10,0,0,0,1
"Auriparus flaviceps",9.8,7,3.2,3.9,15,52.1,7.6,45,14.4,48.9,6.8,70,0,0,0,0,0,10,10,10,0,0,0,70,30,0,0,0,0,0
"Aythya affinis",47.3,29.4,19.6,13.4,34.9,198.2,101,97,51,53.4,819.5,20,0,0,0,0,0,0,0,30,50,100,0,0,0,0,0,0,0,0
"Aythya americana",49.7,33,18.8,14.6,35.7,218.6,104.6,122.4,46,56,1075.7,10,0,0,0,0,0,0,0,20,70,50,50,0,0,0,0,0,0,0
"Aythya collaris",51.4,29.9,18.9,13.6,33.2,194.8,92.6,99.4,48.2,57.6,704.6,20,0,0,0,0,0,0,0,20,60,0,100,0,0,0,0,0,0,0
"Aythya marila",47.8,29.7,22.9,14.3,34.2,213.5,104.1,108.9,48.9,53.5,1005.4,80,0,0,0,0,0,0,0,10,10,80,20,0,0,0,0,0,0,0
"Aythya valisineria",58.5,37,18.8,13.4,37.9,223.5,93.4,130.1,42,52.8,1202,10,0,0,10,0,0,0,0,20,60,60,40,0,0,0,0,0,0,0
"Baeolophus bicolor",13.3,8.8,4.9,5.5,20.5,77.9,12.5,65.2,16.1,68.6,21.6,60,0,0,0,0,0,0,0,40,0,0,0,20,20,40,20,0,0,0
"Baeolophus inornatus",11.2,8.4,4.3,5,20.7,68,9.7,57.4,14.4,57.6,15.9,60,0,0,0,0,0,0,10,10,20,0,0,0,20,80,0,0,0,0
"Baeolophus ridgwayi",11.7,8.3,4.2,5.1,20.8,72.5,7.7,64.8,10.5,63.4,15.9,60,0,0,0,0,0,0,10,10,20,0,0,20,30,50,0,0,0,0
"Bombycilla cedrorum",15.1,6.6,4.5,4.9,16.7,95.4,33.5,62,35.1,59.8,31.6,20,0,0,0,0,0,70,0,0,10,0,0,0,40,40,0,20,0,0
"Bombycilla garrulus",15.5,7.6,5.1,6,20.7,116.2,43.9,72.3,37.8,65.8,54.4,30,0,0,0,0,0,50,0,0,20,0,0,0,40,40,0,20,0,0
"Bonasa umbellus",25.4,13.3,10,9.7,42.2,183.2,69.8,112.2,38.3,152,530.9,10,0,0,0,0,0,20,0,0,70,0,0,60,40,0,0,0,0,0
"Botaurus lentiginosus",82.4,58.6,10.7,15.2,89.7,270.8,84.7,180.1,32,88.6,706,20,0,20,60,0,0,0,0,0,0,0,70,30,0,0,0,0,0,0
"Branta bernicla",40.7,21.5,14.8,13.5,55.2,319.6,167.7,152.7,52.3,94,1277.9,0,0,0,0,0,0,0,0,0,100,0,40,60,0,0,0,0,0,0
"Branta canadensis",50,28.2,19.9,15.3,73.3,422.9,206.5,210.9,49.4,121.6,2811.7,0,0,0,0,0,0,10,0,0,90,0,40,60,0,0,0,0,0,0
"Branta hutchinsii",42.1,20.9,17.1,12.3,71,396.3,176.6,219.7,44.5,120.7,2811.7,0,0,0,0,0,0,10,0,0,90,0,40,60,0,0,0,0,0,0
"Bubo virginianus",42.2,22.5,14.9,22.8,70.1,351.7,112.9,240.9,32,188.4,1354.5,10,90,0,0,0,0,0,0,0,0,0,10,80,10,0,0,0,0,1
"Bubulcus ibis",63.3,43.5,8.6,11.5,76.8,244.4,73,171.2,29.9,90.9,366,60,10,10,10,0,10,0,0,0,0,0,30,70,0,0,0,0,0,0
"Bucephala albeola",28.8,18.9,12.9,9.9,30.1,160.8,75,83.5,47.4,65.4,397.5,70,0,0,20,0,0,0,0,10,0,100,0,0,0,0,0,0,0,0
"Bucephala clangula",38.1,17.7,16.1,11.9,34.1,208.7,105.4,99.4,51.4,82,918.6,70,0,0,10,0,0,0,0,10,10,80,20,0,0,0,0,0,0,0
"Bucephala islandica",34.9,18.2,16.6,12.7,38.2,221.7,103,115,47.2,86,921.2,80,0,0,0,0,0,0,0,10,10,80,20,0,0,0,0,0,0,0
"Buteo jamaicensis",37.6,22.9,14.4,20.2,80.9,402.8,139.9,270.8,34.1,212.2,1101.2,10,60,30,0,0,0,0,0,0,0,0,0,0,0,33,33,33,0,0
"Buteo lagopus",34.5,20.2,11.7,15.9,72.3,428.3,180.3,248.5,42.1,240,949.8,10,80,0,10,0,0,0,0,0,0,0,0,100,0,0,0,0,0,0
"Buteo lineatus",33.1,20.3,11.8,16.3,74.1,319,106.9,212.8,33.4,172.8,603.7,20,40,40,0,0,0,0,0,0,0,0,0,33,33,33,0,0,0,0
"Buteo regalis",41.3,23.8,18.3,20.2,81.6,431,179.2,254.5,41.3,240.6,1437.2,0,100,0,0,0,0,0,0,0,0,0,0,100,0,0,0,0,0,0
"Butorides virescens",67.1,51.4,9,11.2,52.1,177.8,58,122.2,32.2,63.6,201.5,30,0,30,40,0,0,0,0,0,0,0,80,20,0,0,0,0,0,0
"Cairina moschata",65.9,38.7,22.6,15.7,56.2,345,124,226.8,35.2,160.2,2415.8,30,0,10,10,0,0,0,0,20,30,0,50,50,0,0,0,0,0,0
"Calamospiza melanocorys",17.6,10.6,6.5,9,24,86.6,20.9,64.9,24.3,64.5,37.6,30,0,0,0,0,0,10,0,60,0,0,0,50,10,10,20,10,0,0
"Calcarius lapponicus",12.3,8.9,5.8,6.8,21.1,94.9,29,65.7,30.7,67.8,27.8,50,0,0,0,0,0,0,0,50,0,0,0,70,10,20,0,0,0,0
"Calidris minutilla",20.3,15.1,2.4,3.2,18.4,86.4,32.1,53.1,37.7,39.2,22.9,100,0,0,0,0,0,0,0,0,0,0,20,80,0,0,0,0,0,0
"Callipepla californica",14.1,7.2,5.6,6.8,28.5,108.2,28.3,79.5,26.2,82.2,165.7,0,0,0,0,0,0,0,0,50,50,0,0,100,0,0,0,0,0,0
"Callipepla gambelii",14.9,9.6,6.3,6.6,30.7,112.8,32,80.8,28.4,87.8,166,10,0,0,0,0,0,0,0,40,50,0,0,100,0,0,0,0,0,0
"Callipepla squamata",14,8.2,6,6.9,31.7,116,27.8,87.4,24.2,79.4,183.9,30,0,0,0,0,0,0,0,40,30,0,0,100,0,0,0,0,0,0
"Calypte anna",20.6,15.7,1.6,1.7,4.6,49,32.1,16.9,65.6,30,4.2,10,0,0,0,0,0,0,90,0,0,0,0,0,20,80,0,0,0,0
"Calypte costae",19.2,15.8,1.6,1.6,4.4,44.7,29,15.2,65.7,23.6,3.1,10,0,0,0,0,0,0,90,0,0,0,0,0,70,30,0,0,0,0
"Campylorhynchus brunneicapillus",26.1,16.4,4,5.7,26.2,83.2,11.3,70.7,13.7,86.4,38.9,70,0,20,0,0,0,0,0,10,0,0,0,50,50,0,0,0,0,0
"Caracara plancus",44.6,30.3,14.5,23.7,81.9,380,101.7,276.8,26.7,205.7,14.5,20,0,20,0,0,60,0,0,0,0,0,0,100,0,0,0,0,0,0
"Cardellina pusilla",11.6,6.6,3.2,3.1,17.9,56.3,11.5,44.1,20.7,48.1,7,80,0,0,80,0,0,0,10,10,0,0,0,0,20,80,0,0,0,0
"Cardinalis cardinalis",17.6,14.7,9.3,12.3,24.5,93.5,14.2,77.7,15.5,101.8,42.6,20,0,0,0,0,0,10,0,0,70,0,0,40,20,20,20,0,0,0
"Cardinalis sinuatus",15.3,10.3,7.3,12.6,24.4,93.3,13.9,79.4,14.9,103.2,35.2,30,0,0,0,0,0,0,0,70,0,0,0,60,20,10,10,0,0,0
"Cathartes aura",51.5,27.6,14.3,17.2,54,508.5,135.6,369,26.9,244,1518.2,0,0,0,0,0,100,0,0,0,0,0,0,100,0,0,0,0,0,0
"Catharus guttatus",18.8,9.2,3.4,3.7,28.9,89,24,65.3,26.9,67.7,30.1,80,0,0,0,0,0,20,0,0,0,0,0,50,50,0,0,0,0,0
"Catherpes mexicanus",23.9,15.7,3.2,3.4,18.6,64.3,8.3,55.3,13.2,56,12,100,0,0,0,0,0,0,0,0,0,0,0,100,0,0,0,0,0,0
"Certhia americana",16.2,9.6,2,2.8,14.2,63.6,15.3,48.2,24.1,63.3,8.1,70,0,0,0,0,0,0,0,20,10,0,0,10,30,30,30,0,0,0
"Chamaea fasciata",12.8,6.7,3,3.8,24.9,58,6.8,50.9,11.8,83.4,14.7,50,0,0,0,0,0,30,0,20,0,0,0,0,80,20,0,0,0,0
"Charadrius vociferus",21.5,13.1,3.5,4.2,34.4,158.8,83.5,75.2,52.6,85.8,96.4,90,0,0,0,0,0,0,0,10,0,0,0,100,0,0,0,0,0,0
"Anser caerulescens",61.8,36,19.4,24.7,76.7,411.8,214.5,194.2,52.5,123.5,19.4,0,0,0,0,0,0,0,0,10,90,0,20,80,0,0,0,0,0,0
"Chondestes grammacus",15.1,9.7,5.1,7.1,20.1,85.5,24.7,60.9,28.8,64.3,29,30,0,0,0,0,0,0,0,70,0,0,0,80,10,10,0,0,0,0
"Chroicocephalus philadelphia",35,16.2,3.6,6.6,32.3,259.4,153.2,106.5,59,95.6,210.7,50,0,0,50,50,0,0,0,0,0,40,50,10,0,0,0,0,0,0
"Cinclus mexicanus",21.6,11.7,3.4,4.8,29.8,89.1,23.6,65.3,26.5,51.8,56.7,80,0,10,10,0,0,0,0,0,0,40,40,20,0,0,0,0,0,0
"Circus hudsonius",30.1,16,9.7,13,72.1,352.4,158.9,197.1,44.7,131.7,393,10,70,10,0,0,10,0,0,0,0,0,0,100,0,0,0,0,0,0
"Cistothorus palustris",16,9.9,2.7,3.4,19.2,48.4,9.7,38.7,20,39.5,10.8,100,0,0,0,0,0,0,0,0,0,0,0,0,100,0,0,0,0,0
"Cistothorus stellaris",14.9,7.7,2.3,2.9,20.3,45.7,6.1,39.6,13.4,47.2,9,100,0,0,0,0,0,0,0,0,0,0,0,0,100,0,0,0,0,0
"Clangula hyemalis",32.1,19.2,16,11.9,33.1,215.6,108.5,105,50.9,130.8,871,80,0,0,0,0,0,10,0,0,10,100,0,0,0,0,0,0,0,0
"Coccothraustes vespertinus",22.7,16,10.5,14.5,21.4,109.8,37.6,72.4,34.2,67.2,57.3,10,0,0,0,0,0,20,0,40,30,0,0,0,50,50,0,0,0,0
"Colaptes auratus",40.2,29.4,8.5,7.9,28.7,156.9,38.3,119.2,24.3,109.5,131.5,70,0,0,0,0,0,20,0,10,0,0,0,100,0,0,0,0,0,0
"Colinus virginianus",14.9,8.6,7,8.4,29.6,109.8,30.3,79.4,27.6,56.8,171.9,0,0,0,0,0,0,0,0,70,30,0,0,100,0,0,0,0,0,0
"Columba livia",23.2,12.1,4.3,5,26.5,219.6,98.8,120.4,45.1,105.5,354.2,10,0,0,0,0,0,0,0,60,30,0,0,80,20,0,0,0,0,0
"Columbina inca",16.1,7.1,3.5,3.8,15.5,92.5,24.2,69,26,88.7,47.5,0,0,0,0,0,0,20,0,80,0,0,0,100,0,0,0,0,0,0
"Columbina passerina",13.9,8.2,2.5,3.2,15.2,81.6,21.6,63.6,25.4,59.6,35.4,10,0,0,0,0,0,40,0,50,0,0,0,100,0,0,0,0,0,0
"Coragyps atratus",60,35,14.8,16.1,76.1,410.1,58.4,352.6,14.3,180,1881.7,0,10,10,10,0,70,0,0,0,0,0,0,100,0,0,0,0,0,0
"Corvus brachyrhynchos",49.9,33.2,13.9,16.6,55,293.5,106.9,186.2,36.5,167.1,448.8,20,10,10,10,0,20,20,0,10,0,0,0,80,20,0,0,0,0,0
"Corvus corax",77,49.2,21.9,27.9,67.1,419.7,167.2,252.7,39.8,228.7,928,10,20,10,10,0,20,10,0,10,10,0,0,80,0,10,0,10,0,0
"Corvus cryptoleucus",55.8,34.3,17.2,20.1,59.5,351.1,146.7,204.4,41.7,181.5,533.5,30,20,10,10,0,10,10,0,10,0,0,0,90,10,0,0,0,0,0
"Cyanocitta cristata",29.9,18.6,10.1,8.9,34.7,130,22.9,108.3,17.4,121.4,88,20,10,10,0,0,0,20,0,40,0,0,0,40,20,20,20,0,0,0
"Cyanocitta stelleri",33.7,21.1,10.2,9.5,43,145.8,20,125.8,13.7,133.2,128,20,20,0,0,20,0,20,0,20,0,0,0,40,20,20,20,0,0,0
"Cygnus buccinator",107.6,52.9,33.6,27.7,108.8,625.5,267,358.5,42.7,178,11071.1,10,0,0,0,0,0,0,0,20,70,0,100,0,0,0,0,0,0,0
"Cygnus columbianus",101.9,41.1,30.4,20,93.8,538.2,243.8,294.5,45.3,162.2,6378,0,0,0,0,0,0,0,0,0,100,0,50,50,0,0,0,0,0,0
"Cygnus olor",96.1,56.7,31,26.4,96.1,581.5,244.9,336.6,42.1,198.1,10682,10,0,10,0,0,0,0,0,0,80,0,100,0,0,0,0,0,0,0
"Dryocopus pileatus",52.1,37.4,14.6,11.9,29.3,228.4,56.4,166.6,25.3,167.3,286.6,70,0,0,0,0,0,20,0,10,0,0,0,20,30,30,20,0,0,0
"Dumetella carolinensis",19.2,11.1,4,4.8,27.4,90.7,16.8,73.4,18.6,90.3,35.3,60,0,0,0,0,0,40,0,0,0,0,0,0,80,20,0,0,0,0
"Egretta caerulea",78.1,60.6,9.5,12.6,92,257.8,98.3,160.2,38,88,338.6,60,0,30,10,0,0,0,0,0,0,0,100,0,0,0,0,0,0,0
"Egretta rufescens",101.5,87,12.2,15.3,144.5,313.2,116.5,196.8,37.2,103,614,10,0,20,70,0,0,0,0,0,0,0,100,0,0,0,0,0,0,0
"Egretta thula",86.3,69.2,9.4,12,93.3,252.8,79.8,167.3,31.9,110.3,371,50,0,30,20,0,0,0,0,0,0,0,70,30,0,0,0,0,0,0
"Egretta tricolor",102.7,83.7,9.6,13,96.8,248.8,87.4,158.9,35.5,94.5,372.3,20,10,10,60,0,0,0,0,0,0,0,80,20,0,0,0,0,0,0
"Elanus leucurus",25.3,15.3,8.8,10.9,31.8,294,120.3,168.4,41.5,170.3,346,0,90,10,0,0,0,0,0,0,0,0,0,80,0,0,0,20,0,0
"Eudocimus albus",144.1,120.1,12.2,17,90.4,280.2,97.2,179.3,35.2,102.4,889.7,10,0,0,60,30,0,0,0,0,0,0,40,60,0,0,0,0,0,0
"Euphagus carolinus",23,15.3,5,6.6,30.2,114.4,32.1,82.6,28,90,59.6,100,0,0,0,0,0,0,0,0,0,0,0,70,30,0,0,0,0,0
"Euphagus cyanocephalus",22.6,14.4,5.8,7.5,31,126.4,39.1,86.2,31.2,100.6,62.5,100,0,0,0,0,0,0,0,0,0,0,0,100,0,0,0,0,0,0
"Falco columbarius",16.6,11.8,8,10.5,34.3,199.6,98.8,103.5,48.9,116.6,188.5,20,80,0,0,0,0,0,0,0,0,0,0,0,33,33,0,33,0,0
"Falco mexicanus",31.1,20,13.8,16.5,55.6,325,166,163.2,50.5,188.4,713.1,0,100,0,0,0,0,0,0,0,0,0,0,70,20,10,0,0,0,0
"Falco sparverius",17.1,11,8.4,10.1,33.7,182.4,77.9,100.1,43.7,126.5,114.6,60,20,20,0,0,0,0,0,0,0,0,0,50,40,10,0,0,0,0
"Fulica americana",37.3,14.8,5.9,10.7,54.8,183.1,65.8,115.7,36.3,50.6,636.7,20,0,0,0,0,0,0,0,40,40,50,50,0,0,0,0,0,0,0
"Gallinago delicata",66.9,57.7,4.6,6.6,29.4,128.4,59.5,68.5,46.5,55,112.9,80,0,0,80,0,0,0,0,0,10,0,20,80,0,0,0,0,0,0
"Gallinula galeata",31.4,15.8,5.4,9.8,51.1,176.1,57.9,120.5,32.4,74.9,339.6,20,0,10,20,10,0,0,20,0,20,0,20,60,20,0,0,0,0,0
"Gavia immer",97,60.1,10.5,23,86.1,365.2,178,183.2,49.3,59,4956.8,10,0,0,70,0,0,0,0,0,20,0,100,0,0,0,0,0,0,0
"Gavia pacifica",71.9,41.1,8.3,12.9,72.8,291.2,139,151.5,47.9,48.4,2251.1,20,0,0,70,0,0,0,0,0,10,0,100,0,0,0,0,0,0,0
"Gavia stellata",63.1,37.4,7.5,12.2,66.1,275.4,130.7,143.8,47.6,45.6,1486,10,0,0,90,0,0,0,0,0,0,0,100,0,0,0,0,0,0,0
"Geococcyx californianus",57.8,35.4,10.1,12.5,59.5,181,12,172,6.5,287.4,376,30,30,20,0,0,10,10,0,0,0,0,0,100,0,0,0,0,0,0
"Geothlypis trichas",12.7,7.9,3,3.3,20.2,54.7,8.5,44.3,16.1,49.4,9.5,100,0,0,0,0,0,0,0,0,0,0,0,0,80,20,0,0,0,0
"Glaucidium gnoma",13.3,9,6.2,9.3,18.2,89.4,20.9,68.5,23.3,63.5,61.3,60,30,10,0,0,0,0,0,0,0,0,0,90,10,0,0,0,0,1
"Antigone canadensis",122.9,67.4,10.2,15.9,216.2,477.8,210,270,43.8,175.4,10.2,20,20,0,0,0,0,20,0,10,30,0,50,50,0,0,0,0,0,0
"Gymnorhinus cyanocephalus",37.9,23.8,8.3,8.8,37.7,147.8,39.2,107.8,26.6,106.2,104.8,30,0,30,0,0,0,0,0,40,0,0,0,20,20,30,30,0,0,0
"Haemorhous cassinii",14,10.3,7.4,8.9,17.5,90.2,25.6,63.5,28.8,61.5,26.5,20,0,0,20,0,0,0,0,0,40,0,0,60,0,0,40,0,0,0
"Haemorhous mexicanus",10.6,8.4,6.6,8.2,17.4,77.2,21.2,55.8,27.5,66.2,21.4,50,0,0,50,0,0,0,50,0,0,0,0,80,20,0,0,0,0,0
"Haemorhous purpureus",12.2,9.1,7.5,9,16.6,81.1,22.8,58.2,28.1,59.5,23.3,10,0,0,10,0,0,0,10,20,20,0,0,33,33,33,0,0,0,0
"Haliaeetus leucocephalus",76,48.2,24,34.1,81.7,601.8,248.8,353,41.4,294,4700.6,0,30,20,30,0,20,0,0,0,0,0,40,30,0,10,10,10,0,0
"Himantopus mexicanus",66.6,50.1,4.5,4.7,106.7,223.7,117.5,109.1,51.9,73.6,176.8,100,0,0,0,0,0,0,0,0,0,0,100,0,0,0,0,0,0,0
"Hirundo rustica",12.4,6,4.5,2.7,11.7,115.8,62.3,56,52.6,70.4,17.9,80,0,0,0,0,0,10,0,10,0,0,0,30,30,40,0,0,0,0
"Histrionicus histrionicus",27.3,16.9,12.7,10.5,33,194,95,95,50,87.5,561.6,100,0,0,0,0,0,0,0,0,0,80,20,0,0,0,0,0,0,0
"Icteria virens",16.3,10.5,4.8,6.3,26.1,76.5,16.3,60.5,21.3,71.8,24.9,80,0,0,0,0,0,20,0,0,0,0,0,0,100,0,0,0,0,0
"Icterus galbula",21.1,13.3,5,6.4,23.4,92.1,25.5,67.4,27.4,73.3,32.8,60,0,0,0,0,0,20,20,0,0,0,0,30,10,20,40,0,0,0
"Ixobrychus exilis",47.8,34.7,5.5,7.8,37.9,107.8,30.6,75,29,40.8,86.3,30,0,10,60,0,0,0,0,0,0,0,50,50,0,0,0,0,0,0
"Ixoreus naevius",23.7,15,4.5,6.1,31.1,121.6,40.3,80.4,33.4,85.2,77.5,30,0,0,30,0,0,0,70,0,0,0,0,80,20,0,0,0,0,0
"Junco hyemalis",11.6,7.8,4.5,5.3,21.1,75.2,16.4,58.6,21.9,63.8,19.5,30,0,0,0,0,0,0,0,70,0,0,0,60,10,30,0,0,0,0
"Lanius borealis",23.2,13.9,6.9,9.3,29.4,109.2,28.7,80.4,26.3,106.2,63.4,10,60,10,0,0,10,10,0,0,0,0,0,100,0,0,0,0,0,0
"Lanius ludovicianus",21.1,12.3,6.5,8.8,27.7,96.4,21.7,74.2,22.6,96.7,51.6,70,10,10,0,0,10,0,0,0,0,0,0,80,10,10,0,0,0,0
"Larus californicus",55.7,19.8,7,14.2,57,377,220.2,156.8,58.4,140,683.4,20,20,0,0,0,20,20,0,20,0,0,20,80,0,0,0,0,0,0
"Larus delawarensis",48.1,19.6,6.2,13,51.2,366,205.5,160,56.2,133.2,516.3,30,10,0,30,0,20,0,0,10,0,20,10,70,0,0,0,0,0,0
"Leucosticte tephrocotis",12.9,9.9,6.4,8.1,19.6,105.5,38.6,66.2,36.9,69.8,37.8,20,0,0,0,0,0,0,0,40,40,0,0,100,0,0,0,0,0,0
"Limnodromus griseus",61,53.1,4.4,6.8,33.6,143,71.8,70.8,50.3,55.2,110.5,70,0,0,0,0,0,0,0,20,10,0,50,50,0,0,0,0,0,0
"Limnodromus scolopaceus",70.7,61.9,4.5,7.1,38.6,145.5,74.2,71.2,51,56.5,104.4,60,0,0,0,0,0,0,0,20,20,0,50,50,0,0,0,0,0,0
"Limosa fedoa",112.5,93.7,6.8,9.2,71.6,224.8,118,106.7,52.5,77.2,357,100,0,0,0,0,0,0,0,0,0,0,20,80,0,0,0,0,0,0
"Lophodytes cucullatus",39.6,27.6,8.3,9.3,29.2,186.6,95,91.5,50.9,85.6,613.8,40,0,10,30,0,0,0,0,10,10,80,20,0,0,0,0,0,0,0
"Loxia curvirostra",19,16.1,6.8,11.4,16.6,96,36,59.6,37.6,57.3,38.3,20,0,0,0,0,0,0,0,30,50,0,0,0,0,80,20,0,0,0
"Loxia leucoptera",19.1,13.4,4.5,8.6,15.6,88.7,31.7,57.1,35.7,58.8,28.7,20,0,0,0,0,0,20,0,30,30,0,0,0,40,60,0,0,0,0
"Megaceryle alcyon",58.6,44.8,9.5,13.4,12.5,158.8,53.2,105,33.6,94.3,148,10,10,10,70,0,0,0,0,0,0,40,40,10,10,0,0,0,0,0
"Megascops asio",22,12.5,6.4,11.8,35.5,168.5,48.4,120.1,28.8,77.5,180,50,0,0,0,50,0,0,0,0,0,0,10,70,10,10,0,0,0,1
"Megascops kennicottii",24.4,12.9,6.8,12.7,39.9,176.8,47.9,128.8,27.1,85.2,141.8,50,40,10,0,0,0,0,0,0,0,0,0,40,50,10,0,0,0,1
"Melanerpes aurifrons",34.7,24.7,7.8,7.2,22.8,129.1,31.2,97.9,24.2,78.1,80.8,40,0,0,0,10,0,30,0,20,0,0,0,20,20,60,0,0,0,0
"Melanerpes carolinus",32.6,21.6,7.1,7.6,21.1,127.2,35.5,90.4,28.2,76.8,69.5,30,10,10,0,0,0,20,10,20,0,0,0,0,0,20,60,20,0,0
"Melanerpes erythrocephalus",27.3,20.3,7.6,7.4,20.6,139.7,40.6,98.9,29.1,83.3,71.6,60,0,0,0,10,0,0,0,20,10,0,0,20,20,60,0,0,0,0
"Melanerpes formicivorus",26.9,20.6,8.2,7.4,21.8,139.8,40.1,103.6,28,84.5,79.6,20,0,0,0,0,0,10,10,60,0,0,0,0,0,40,60,0,0,0
"Melanerpes lewis",30.4,22.8,7.4,7,24.1,166.8,52,114,31.4,98.8,105.8,60,0,0,0,0,0,0,20,20,0,0,0,0,50,50,0,0,0,0
"Melanitta deglandi",49.9,28.3,26.4,14.7,42,259.2,125.8,126,49.9,74.7,1800.2,80,0,0,10,0,0,0,0,0,10,80,20,0,0,0,0,0,0,0
"Meleagris gallopavo",48.6,25.9,17.6,15.3,149.2,448.8,115,332.5,26,351.2,5791.4,20,0,0,0,0,0,20,0,20,40,0,0,90,10,0,0,0,0,0
"Melospiza georgiana",13.9,8.2,4.1,5.2,21.9,62.3,11.9,50.4,19.1,57,16.1,40,0,0,0,0,0,30,0,30,0,0,0,100,0,0,0,0,0,0
"Melospiza lincolnii",13.2,8,4,5.1,20.1,64,14.3,49.7,22.3,56.8,16.6,50,0,0,0,0,0,0,0,50,0,0,0,100,0,0,0,0,0,0
"Melospiza melodia",13.4,8.5,5.3,6.7,21.5,66.3,13.2,52.6,20.1,67.2,21.9,40,0,0,0,0,0,30,0,30,0,0,0,70,30,0,0,0,0,0
"Melozone crissalis",16.2,10.1,5,7.7,26.9,88.8,11.7,77.1,13.1,101,52.8,20,0,0,20,0,0,0,10,0,60,0,0,50,30,20,0,0,0,0
"Melozone fusca",16.5,10.1,5.5,7.8,24,93.4,11.8,79.2,13.1,97,44.4,20,0,0,20,0,0,0,0,0,80,0,0,50,30,20,0,0,0,0
"Mergus merganser",69.4,38.4,10.4,11.7,50.9,270.8,123.8,145.7,46,107.2,1451,10,10,10,70,0,0,0,0,0,0,80,20,0,0,0,0,0,0,0
"Mergus serrator",65,42.8,8.2,10.6,45.5,233.6,114.8,118,49.3,76.2,1015.2,20,0,0,70,0,0,0,0,0,10,80,20,0,0,0,0,0,0,0
"Mimus polyglottos",22.1,12.2,4.6,5.3,32.2,112.3,23.1,90.5,20.6,117.6,48.5,50,0,0,0,0,0,50,0,0,0,0,0,70,30,0,0,0,0,0
"Mniotilta varia",13.7,9,2.9,3.3,17.3,68.8,17,49.7,25.5,46.6,10.9,80,0,0,0,0,0,20,0,0,0,0,0,0,20,60,20,0,0,0
"Molothrus ater",17.6,11.1,5.8,8.9,24.7,105,33.9,68.8,33,69.8,40.3,40,0,0,0,0,0,0,0,60,0,0,0,80,10,10,0,0,0,0
"Myadestes townsendi",15.7,8.2,4.4,4.6,20.9,113.3,34.3,80.6,29.9,103,33.2,50,0,0,0,0,0,20,0,20,10,0,0,0,0,60,20,20,0,0
"Mycteria americana",224.5,187.7,34.6,44.7,191,455.9,165.1,281.8,37,190.8,2554.5,20,0,10,70,0,0,0,0,0,0,0,50,50,0,0,0,0,0,0
"Myiopsitta monachus",22.4,19.3,12.8,19.5,15.8,147.2,64.4,82.8,43.8,141.4,120,10,0,0,0,0,0,30,0,30,30,0,0,20,20,40,20,0,0,0
"Nucifraga columbiana",44.3,35.4,11.6,12.3,36.7,191,61.6,129.3,32.2,112,129.8,20,10,10,0,0,10,0,0,50,0,0,0,60,10,20,10,0,0,0
"Numenius americanus",164,141.5,7.6,8.9,84.5,266.8,132.6,134.2,49.7,94.8,583.9,90,0,0,0,0,0,10,0,0,0,0,20,80,0,0,0,0,0,0
"Nyctanassa violacea",76.5,55.4,15.4,21.1,98.5,283.8,99.1,187.4,34.6,113.8,681.7,10,0,0,60,30,0,0,0,0,0,0,50,50,0,0,0,0,0,0
"Nycticorax nycticorax",80.5,56.7,12.1,18.6,69.2,285.7,92.7,187.8,33.1,95.8,810,30,20,30,20,0,0,0,0,0,0,0,50,50,0,0,0,0,0,0
"Oreortyx pictus",15.4,8.7,6.6,8,35,134,41.4,89.8,31.6,73,233,0,0,0,0,0,0,20,0,40,40,0,0,80,20,0,0,0,0,0
"Oreoscoptes montanus",20.8,12.1,4.4,5.3,29.4,97.7,25.4,72.3,26,96,44.2,80,0,0,0,0,0,10,0,10,0,0,0,100,0,0,0,0,0,0
"Leiothlypis ruficapilla",13.6,7.9,2.8,3.1,19.1,64.9,6.8,57.6,10.5,27.5,11.1,80,0,0,0,0,0,10,10,0,0,0,0,0,40,40,20,0,0,0
"Oxyura jamaicensis",45.4,24.4,20.9,10.5,31.8,139.6,59.5,82.8,41.9,70.2,608.2,60,0,0,0,0,0,0,0,40,0,100,0,0,0,0,0,0,0,0
"Pandion haliaetus",47,27.7,17.3,19.6,49.8,468.4,204.8,253,44.9,201.3,1483.2,0,0,0,100,0,0,0,0,0,0,40,60,0,0,0,0,0,0,0
"Passer domesticus",13.5,9.1,6.3,7.4,17.9,74.9,20.4,54.4,27.3,57.2,26.5,10,0,0,0,0,0,0,0,60,30,0,0,50,50,0,0,0,0,0
"Passerculus sandwichensis",12.8,8.3,4.1,5.4,20.7,72.8,17.6,55.2,24.1,51.2,20,40,0,0,0,0,0,20,0,30,10,0,0,80,10,10,0,0,0,0
"Passerella iliaca",13.5,8.5,5.3,7.4,24.1,83.7,21.9,61.9,26.1,71.3,33.3,40,0,0,0,0,0,20,0,20,20,0,0,90,10,0,0,0,0,0
"Passerina ciris",11.7,7.6,4.9,6.5,18.8,69.6,15,54.1,21.6,52.4,15.5,0,0,0,0,0,0,0,0,100,0,0,0,50,50,0,0,0,0,0
"Passerina cyanea",11.7,7.6,5.1,6.2,17.2,64.8,14.7,50.3,22.5,48.9,14.7,0,0,0,0,0,0,0,0,100,0,0,0,40,40,20,0,0,0,0
"Patagioenas fasciata",25.5,15.1,6,6.1,26.5,205.4,73.8,131.3,36,141.5,366.3,0,0,0,0,0,0,0,0,70,30,0,0,0,50,50,0,0,0,0
"Pelecanus erythrorhynchos",319.8,296.8,39.6,38.8,115.9,561,251,308.8,44.9,146.2,5608.5,0,0,0,100,0,0,0,0,0,0,100,0,0,0,0,0,0,0,0
"Perdix perdix",20.9,12.7,8.4,8.1,39.3,151.2,51,99.9,33.8,75.3,405.3,30,0,0,0,0,0,0,0,30,40,0,0,100,0,0,0,0,0,0
"Perisoreus canadensis",24.6,14.3,9,8.6,36.3,150.4,27.2,123.2,18.1,135.9,71.6,40,10,10,0,0,0,30,0,0,10,0,0,60,20,20,0,0,0,0
"Phainopepla nitens",13.4,8.1,5,4.1,20.9,92.6,16.6,81.9,16.9,92.7,22.1,40,0,0,0,0,0,60,0,0,0,0,0,0,40,40,0,20,0,0
"Nannopterum auritum",68.2,49.8,12,17,64.2,311.8,126.8,185,40.8,154.2,12,0,0,0,100,0,0,0,0,0,0,100,0,0,0,0,0,0,0,0
"Nannopterum brasilianum",62.6,44.6,11.9,14.9,48.7,275.4,91.8,191.7,32.4,187.2,11.9,30,0,20,50,0,0,0,0,0,0,100,0,0,0,0,0,0,0,0
"Phasianus colchicus",34.9,20.8,12.5,11.9,63.4,231.6,60.4,170.9,26.1,393.1,1120.3,10,0,0,0,0,0,30,0,30,30,0,0,100,0,0,0,0,0,0
"Pica hudsonia",38.6,24.7,11.1,12.9,47.7,202.8,49.6,152.1,24.6,262,177.1,30,20,0,0,0,30,0,0,0,20,0,0,70,10,10,0,10,0,0
"Dryobates borealis",18.2,14.1,6.8,6.1,21.1,117,37.2,78.8,32.1,85,6.8,70,0,0,0,0,0,20,0,10,0,0,0,0,50,50,0,0,0,0
"Dryobates nuttallii",19.5,16,5.9,5.8,18,102.2,24.8,76.7,24.4,70.8,5.9,70,0,0,0,0,0,10,10,10,0,0,0,20,40,40,0,0,0,0
"Dryobates pubescens",17.4,12.2,4.9,4.8,15.8,91.3,24.3,65.9,27,58.6,4.9,80,0,0,0,0,0,10,0,10,0,0,0,0,20,40,40,0,0,0
"Dryobates scalaris",19.5,16,5.9,5.8,18,102.2,24.8,76.7,24.4,70.8,5.9,80,0,0,0,0,0,20,0,0,0,0,0,10,30,30,30,0,0,0
"Dryobates villosus",31.6,24.1,8.2,8.1,23.1,126.7,32.4,95.5,25.3,81.7,8.2,70,0,0,0,0,0,10,10,10,0,0,0,20,30,50,0,0,0,0
"Pinicola enucleator",16.6,12.3,8.6,11.2,19.6,109.2,32.1,77.1,29.4,85.1,56.4,20,0,0,0,0,0,20,0,30,30,0,0,0,0,80,20,0,0,0
"Pipilo chlorurus",15.1,9.3,4.7,6.9,24.1,77.6,13.1,64.9,16.8,87.6,29.4,40,0,0,0,0,0,20,0,40,0,0,0,70,30,0,0,0,0,0
"Pipilo erythrophthalmus",15.4,9.8,5.5,8.2,27,82.3,11.1,70.8,13.6,91.7,40,30,0,0,0,0,0,30,0,40,0,0,0,80,20,0,0,0,0,0
"Pipilo maculatus",17.2,10.3,5.9,8,27.9,84.3,11.8,74,13.7,97.6,39.3,50,0,0,0,0,0,20,0,30,0,0,0,70,30,0,0,0,0,0
"Platalea ajaja",159.8,126.6,27.6,17.1,97.7,349,119.3,235.9,33.6,93.6,1490,40,0,0,50,0,0,0,0,0,10,0,100,0,0,0,0,0,0,0
"Plectrophenax nivalis",12.8,8.4,4.7,6.4,20.7,107.4,41.5,66,38.6,66.8,42.2,30,0,0,0,0,0,0,0,0,70,0,0,90,10,0,0,0,0,0
"Plegadis chihi",118.7,99.4,10.3,14,86.1,246.5,93.8,149,38.6,95.5,616.9,80,0,10,10,0,0,0,0,0,0,0,80,20,0,0,0,0,0,0
"Plegadis falcinellus",117.2,102.8,10.4,13.9,86.4,274.8,104.7,165.3,38.9,102.7,626.6,80,0,10,10,0,0,0,0,0,0,0,50,50,0,0,0,0,0,0
"Podiceps auritus",30.2,15.4,4.7,7.1,42.9,137.8,57.2,78.3,42.2,33.2,453,40,0,0,60,0,0,0,0,0,0,70,30,0,0,0,0,0,0,0
"Podiceps grisegena",48.1,27.3,6.2,10.2,54.4,167.1,66.8,96.4,40.9,32,1023,50,0,0,50,0,0,0,0,0,0,70,30,0,0,0,0,0,0,0
"Podiceps nigricollis",26.2,15.4,5.5,5.9,39.6,127.2,55.1,70.1,44,28,412.4,80,0,10,10,0,0,0,0,0,0,60,40,0,0,0,0,0,0,0
"Podilymbus podiceps",28.8,14.1,5.4,10.6,37.1,125.6,41.8,81.1,34,32.6,411.9,70,0,10,20,0,0,0,0,0,0,100,0,0,0,0,0,0,0,0
"Poecile atricapillus",10.3,7.2,3.7,4,16.8,64.4,12,52.5,18.6,61.7,10.8,60,0,0,60,0,0,0,20,0,20,0,0,0,20,80,0,0,0,0
"Poecile carolinensis",8.9,6.6,3.5,3.7,14.8,58.8,11.4,47,19.5,49.6,10,60,0,0,60,0,0,0,0,0,40,0,0,0,50,50,0,0,0,0
"Poecile gambeli",11.8,8.9,3.4,3.8,18.1,68.8,13.2,55.5,19.2,59.5,11.2,60,0,0,60,0,0,0,20,0,20,0,0,0,20,80,0,0,0,0
"Poecile rufescens",10.8,6.7,2.8,3.2,15.8,61.1,10.9,50.2,17.8,47,9.4,60,0,0,60,0,0,0,20,0,20,0,0,0,0,40,60,0,0,0
"Polioptila caerulea",11.3,7.4,2.8,2.3,15.9,50.8,9.6,40.8,19.1,49.1,5.8,100,0,0,0,0,0,0,0,0,0,0,0,0,50,50,0,0,0,0
"Polioptila melanura",10.7,6.5,2.5,2.5,16.1,47.8,5.7,42.1,11.9,54.8,5.2,100,0,0,0,0,0,0,0,0,0,0,0,0,50,50,0,0,0,0
"Pooecetes gramineus",12,7.7,4.9,6.6,20.1,78.6,18.8,60,23.9,59.6,25.7,50,0,0,0,0,0,0,0,50,0,0,0,80,10,10,0,0,0,0
"Porzana carolina",20.4,10.1,3,5.7,30.1,102.5,34.8,69.5,33.4,50.8,74.8,40,0,0,0,0,0,0,0,30,30,0,40,40,20,0,0,0,0,0
"Psaltriparus minimus",7.8,4.6,2.4,3.4,15.7,45.2,8.8,36.5,19.4,52.2,5.3,70,0,0,0,0,0,10,0,10,10,0,0,0,50,50,0,0,0,0
"Pyrocephalus rubinus",14.4,9.7,5.4,4,16.7,74.3,16.7,57.7,22.4,57.6,14.4,100,0,0,0,0,0,0,0,0,0,0,0,0,50,50,0,0,0,0
"Quiscalus major",38.5,28.1,6.9,10.5,42.8,155,47.6,111.9,29.7,141.4,151.2,40,10,0,10,0,10,0,0,30,0,0,0,70,20,10,0,0,0,0
"Quiscalus mexicanus",43.3,29.2,8.2,11.5,47.9,168.6,46,126.4,26.8,170.1,160.5,80,0,0,0,0,0,0,0,20,0,0,0,80,10,10,0,0,0,0
"Quiscalus quiscula",33,21.8,7.3,10.5,35.6,132.9,34.3,98.2,25.9,118.2,105.2,40,10,0,10,0,0,0,0,40,0,0,0,70,20,10,0,0,0,0
"Rallus elegans",59.1,35.6,4.4,8.1,53.2,158.4,38.6,118.2,24.6,58,313.3,30,0,30,20,0,0,0,0,20,0,0,50,50,0,0,0,0,0,0
"Rallus limicola",37.8,24.9,2.9,5.4,32.4,101,26.8,74.2,26.5,38.6,84.1,20,0,20,20,0,0,0,0,20,20,0,50,50,0,0,0,0,0,0
"Recurvirostra americana",91.2,73.9,6.6,5.2,92,218.2,104.4,113.8,47.8,81.8,304.5,80,0,0,0,0,0,0,0,20,0,0,50,50,0,0,0,0,0,0
"Corthylio calendula",10.6,6.3,2.7,2.2,18.4,58,12.6,44.9,22,42.2,2.7,80,0,0,0,0,0,0,0,20,0,0,0,0,50,50,0,0,0,0
"Regulus satrapa",9,5.4,2.1,2.5,16.2,57.2,13.4,43.4,23.6,42.8,6.2,100,0,0,0,0,0,0,0,0,0,0,0,0,50,50,0,0,0,0
"Salpinctes obsoletus",19.9,12.6,2.9,3.4,20.1,69,11.8,56.6,17.3,55.6,16.4,80,0,20,0,0,0,0,0,0,0,0,0,100,0,0,0,0,0,0
"Sayornis nigricans",18.1,9.9,5.9,4,17.4,86.3,19.4,68.9,22,77.2,18.6,100,0,0,0,0,0,0,0,0,0,0,0,0,80,20,0,0,0,0
"Sayornis phoebe",17.4,9.7,5.5,4.1,17.7,83.9,17.4,66.7,20.6,70.1,19.7,90,0,0,0,0,0,10,0,0,0,0,0,0,50,50,0,0,0,0
"Sayornis saya",19.5,11.3,5.4,4.2,20.2,104.4,26.8,77.7,25.6,79.8,20.9,90,0,0,0,0,0,10,0,0,0,0,0,50,50,0,0,0,0,0
"Scolopax minor",71.9,60.6,6.4,9.4,31.3,129.8,40,90.8,30.6,63.4,196.3,100,0,0,0,0,0,0,0,0,0,0,20,80,0,0,0,0,0,0
"Seiurus aurocapilla",15.1,8.9,3.6,4.1,22.3,73.2,18.3,55.1,24.9,50.4,18.8,70,0,10,0,0,0,10,0,10,0,0,0,80,20,0,0,0,0,0
"Setophaga coronata",13.1,7.2,3.3,3.4,18.7,73.8,18.8,55.2,25.4,56.5,11.9,70,0,0,70,0,0,0,10,10,10,0,0,0,50,50,0,0,0,0
"Setophaga discolor",11.8,7.2,2.8,2.9,17.7,55.5,11.1,44.4,20,48.4,7.6,80,0,0,80,0,0,0,10,10,0,0,0,20,60,20,0,0,0,0
"Setophaga dominica",14.9,9.8,3,3.4,16.8,67.7,18.8,49,27.7,50.7,9.7,100,0,0,100,0,0,0,0,0,0,0,0,0,0,20,80,0,0,0
"Setophaga nigrescens",12.1,6.9,3.4,3.7,18.2,63.2,14.8,48.5,23.4,49,8.7,100,0,0,100,0,0,0,0,0,0,0,0,0,100,0,0,0,0,0
"Setophaga palmarum",12.9,7.1,2.8,3.1,19.1,63.7,12.7,50.4,20.1,51,10.3,70,0,0,70,0,0,0,10,10,10,0,0,100,0,0,0,0,0,0
"Setophaga pinus",13.4,8,3.1,3.8,18.6,71.8,20.6,51.2,28.6,54,11.8,70,0,0,70,0,0,0,10,10,10,0,0,20,0,80,0,0,0,0
"Setophaga townsendi",12.4,7.4,3,3.2,18.2,63.8,17.7,46.1,27.8,49.5,8.8,100,0,0,100,0,0,0,0,0,0,0,0,0,20,0,80,0,0,0
"Sialia currucoides",16.4,9.6,3.9,3.9,21.9,114,41,71.2,36.6,70,29.6,60,0,0,0,0,0,30,0,10,0,0,0,100,0,0,0,0,0,0
"Sialia mexicana",15.1,8.6,3.4,3.9,19.8,104.4,39.2,66.2,37.2,64.2,26.4,70,0,0,0,0,0,20,0,10,0,0,0,100,0,0,0,0,0,0
"Sialia sialis",15.4,9.1,4.2,4.5,19.7,95.8,31.4,64.4,32.8,62.5,27.5,70,0,0,0,0,0,30,0,0,0,0,0,100,0,0,0,0,0,0
"Sitta canadensis",14,10.4,3.3,3.2,14.5,66.4,17.3,48.9,26.2,35.6,9.8,50,0,0,0,0,0,0,0,50,0,0,0,0,33,33,33,0,0,0
"Sitta carolinensis",19.1,12.2,4,4.2,18.5,88.6,27.6,60.9,31.2,48.8,21,50,0,0,0,0,0,0,0,50,0,0,0,0,33,33,33,0,0,0
"Sitta pusilla",15.3,10.4,3.3,3.9,14.8,65,15.1,49.9,23.3,35.4,10.2,60,0,0,0,0,0,0,0,40,0,0,0,0,0,40,60,0,0,0
"Sitta pygmaea",14.1,9.7,3.2,3.7,16.8,66.4,11.9,54.4,18,38.3,10.6,60,0,0,0,0,0,0,0,40,0,0,0,0,0,40,60,0,0,0
"Sphyrapicus nuchalis",21.7,17,7,6,19.9,122.8,39,83.8,31.7,75.8,48.5,50,0,0,0,0,0,10,30,10,0,0,0,0,20,40,40,0,0,0
"Sphyrapicus ruber",25.8,21.5,8,7.1,21.6,126.6,38.4,88.2,30.4,80.8,54.8,70,0,0,0,0,0,0,0,0,30,0,0,0,0,20,80,0,0,0
"Sphyrapicus varius",24.8,19.2,6.7,6.3,20.5,124.8,42.2,82.6,33.9,74,50.3,50,0,0,0,0,0,10,30,10,0,0,0,0,30,40,30,0,0,0
"Spinus pinus",14,9,4.3,5.5,13.9,72.4,25.6,47,35.2,48.3,12.7,10,0,0,10,0,0,0,10,0,70,0,0,50,0,50,0,0,0,0
"Spinus psaltria",10.2,7.8,4.7,6.3,12.4,60.9,16.2,46.2,26,40.4,8.8,10,0,0,10,0,0,0,30,0,30,0,0,20,40,40,0,0,0,0
"Spinus tristis",11.5,8.2,4.3,6.3,13.5,69.8,19.1,50.3,27.6,48.3,12.8,10,0,0,10,0,0,0,0,10,60,0,0,33,33,33,0,0,0,0
"Spizella breweri",12.3,6.7,3.6,4.4,16.8,62.8,12.9,50.1,20.5,57.3,10.9,50,0,0,0,0,0,0,0,50,0,0,0,100,0,0,0,0,0,0
"Spizella passerina",13.1,7,4,4.9,16.3,68,16.3,51,24.2,56,12.2,40,0,0,0,0,0,0,0,60,0,0,0,80,10,10,0,0,0,0
"Spizella pusilla",10.4,6.6,4.3,5.2,17.9,64.4,10.8,53.5,16.7,62,12.5,40,0,0,0,0,0,0,0,60,0,0,0,100,0,0,0,0,0,0
"Spizelloides arborea",11.8,7.9,4.6,6.2,20.2,72.2,14.5,58.5,19.9,69.2,17.8,50,0,0,50,0,0,0,0,0,50,0,0,60,20,20,0,0,0,0
"Stelgidopteryx serripennis",10.4,4.8,3.4,2.5,11.1,107.2,54.7,53.1,50.7,47.6,15.7,100,0,0,0,0,0,0,0,0,0,0,0,30,70,0,0,0,0,0
"Sterna forsteri",45.3,28,4.9,8.8,24.3,252.6,173.5,79,68.7,131.4,149,20,0,0,80,0,0,0,0,0,0,80,20,0,0,0,0,0,0,0
"Streptopelia decaocto",21.5,9.6,3.8,4.2,22.1,174.6,62.7,111.2,36.1,132.3,149,10,0,0,0,0,0,30,0,40,20,0,0,80,10,10,0,0,0,0
"Strix varia",38.8,21.6,11.2,19.6,60.1,341.2,101,240.2,29.6,218.3,711.5,10,70,10,10,0,0,0,0,0,0,0,10,60,20,10,0,0,0,1
"Sturnella magna",33.5,20,6.1,8.2,39.8,108.1,28.4,86.1,24.8,67.4,91.8,70,0,0,0,0,0,10,0,20,0,0,0,100,0,0,0,0,0,0
"Sturnella neglecta",33.8,22,6.1,7.5,35,117,32.5,84.5,27.8,71.6,100.1,50,0,0,0,0,0,0,0,50,0,0,0,100,0,0,0,0,0,0
"Sturnus vulgaris",30.2,18.5,6.6,6.5,29,128.3,49.2,79.1,38.4,65.8,77.1,20,0,10,0,0,10,30,10,20,0,0,0,80,20,0,0,0,0,0
"Tachycineta bicolor",10.8,5.9,3.8,2.8,12.2,115.9,61.3,54.3,53,54,21.2,90,0,0,0,0,0,10,0,0,0,0,0,20,20,20,20,20,0,0
"Thryomanes bewickii",15.5,10.1,2.6,3,17.5,54,7.3,46.1,13.8,51.2,9.9,80,0,0,0,0,0,20,0,0,0,0,0,50,50,0,0,0,0,0
"Thryothorus ludovicianus",16.9,11.1,3.2,3.9,21.4,59.4,6.8,52.6,11.4,50.7,19,60,0,20,0,0,0,10,0,10,0,0,0,40,40,20,0,0,0,0
"Toxostoma crissale",32.1,22.3,5.7,6.1,29.6,101.2,19.5,81.5,19.3,109.4,62.7,80,0,0,0,0,0,10,0,10,0,0,0,50,50,0,0,0,0,0
"Toxostoma curvirostre",35.2,23.7,6.1,6.5,32.4,111.6,19.8,92.2,17.7,109.2,80.5,50,0,0,0,0,0,30,0,20,0,0,0,100,0,0,0,0,0,0
"Toxostoma redivivum",40.2,30.5,6.5,6.9,36.4,102.4,9.8,92.4,9.5,133,84.4,50,0,0,0,0,0,50,0,0,0,0,0,100,0,0,0,0,0,0
"Toxostoma rufum",30.1,19.3,5.4,6.3,34.2,102.5,14,86.7,13.9,121.8,68.8,50,0,0,0,0,0,30,0,20,0,0,0,80,20,0,0,0,0,0
"Tringa flavipes",41.4,30.6,2.9,4,49.6,152.6,79.8,71.5,52.8,65.6,77.5,100,0,0,0,0,0,0,0,0,0,0,50,50,0,0,0,0,0,0
"Tringa melanoleuca",59.9,45.9,4.8,6,60.5,194.5,97.6,96.9,50.2,79.8,161.7,80,0,0,20,0,0,0,0,0,0,0,80,20,0,0,0,0,0,0
"Troglodytes aedon",15.9,9.8,3,3.1,20.1,51.4,6.7,44.9,12.9,41.1,10.9,80,0,0,0,0,0,0,0,0,20,0,0,0,100,0,0,0,0,0
"Turdus migratorius",23.4,12.5,5.6,6.8,32.7,127,36.9,90.3,29,95.7,78.5,50,0,0,0,0,0,50,0,0,0,0,0,20,40,40,0,0,0,0
"Tympanuchus phasianellus",22.3,11.6,8.4,9.2,40,200.6,79.4,120.6,39.6,103.2,882.4,10,0,0,0,0,0,10,0,10,70,0,0,100,0,0,0,0,0,0
"Tyto alba",32.1,17.6,8.8,13.5,59.7,285.6,115.9,169.7,40.6,119.5,403.3,10,80,10,0,0,0,0,0,0,0,0,0,90,10,0,0,0,0,1
"Leiothlypis celata",11.8,7.8,3.8,4,18.4,59.9,13.8,46,23,46.5,9.2,70,0,0,0,0,0,20,10,0,0,0,0,0,50,50,0,0,0,0
"Vireo griseus",13.7,7.4,3.9,4.1,19.5,61.6,11.1,50.6,17.9,48.9,11.4,70,0,0,0,0,0,10,0,0,20,0,0,0,40,40,20,0,0,0
"Vireo huttoni",13.1,6.9,3.7,3.8,19.5,63.2,10.8,52.6,17,49.1,11.3,70,0,0,0,0,0,20,10,0,0,0,0,0,10,70,20,0,0,0
"Vireo solitarius",13.7,7.5,4,4.4,18.6,75.3,22.1,53.2,29.3,51.4,15.3,70,0,0,0,0,0,30,0,0,0,0,0,0,20,40,40,0,0,0
"Xanthocephalus xanthocephalus",22.5,14.6,6.6,9.1,32.9,129.4,34.2,92.6,27,101.9,62.7,100,0,0,0,0,0,0,0,0,0,0,0,90,10,0,0,0,0,0
"Zenaida asiatica",24,14.4,4.2,4.5,24.8,160.8,57,104.8,35.2,116.2,153,0,0,0,0,0,0,30,0,60,10,0,0,60,30,10,0,0,0,0
"Zenaida macroura",19.6,9.3,2.7,3.4,19.6,144.4,53.1,91.6,36.6,122.2,118.9,0,0,0,0,0,0,0,0,90,10,0,0,60,40,0,0,0,0,0
"Zonotrichia albicollis",13.6,8.4,5.1,6.3,23,72.8,14.3,58.1,19.7,70.4,24.4,20,0,0,0,0,0,20,0,50,10,0,0,90,10,0,0,0,0,0
"Zonotrichia atricapilla",15.4,8.8,4.7,6.3,24.2,78.2,18.1,60.9,22.9,76.2,32,10,0,0,0,0,0,0,0,60,30,0,0,90,10,0,0,0,0,0
"Zonotrichia leucophrys",15.4,8.4,4.5,6,22.8,78.7,18.5,60.9,23.4,70.6,28,10,0,0,0,0,0,10,0,70,10,0,0,80,10,10,0,0,0,0
"Zonotrichia querula",16,9.2,5.1,7.5,24.3,86.9,20.5,66.3,23.7,80.9,35.5,10,0,0,0,0,0,0,0,90,0,0,0,90,10,0,0,0,0,0
